date,ticker,adj_close
2022-10-31 04:00:00,AAPL,153.340000
2022-10-31 04:00:00,MSFT,232.130000
2022-10-31 04:00:00,NVDA,13.500000
2022-10-31 04:00:00,TSLA,227.540000
2022-11-01 04:00:00,AAPL,150.650000
2022-11-01 04:00:00,MSFT,228.170000
2022-11-01 04:00:00,NVDA,13.540000
2022-11-01 04:00:00,TSLA,227.820000
2022-11-02 04:00:00,AAPL,145.030000
2022-11-02 04:00:00,MSFT,220.100000
2022-11-02 04:00:00,NVDA,13.220000
2022-11-02 04:00:00,TSLA,214.980000
2022-11-03 04:00:00,AAPL,138.880000
2022-11-03 04:00:00,MSFT,214.250000
2022-11-03 04:00:00,NVDA,13.420000
2022-11-03 04:00:00,TSLA,215.310000
2022-11-04 04:00:00,AAPL,138.380000
2022-11-04 04:00:00,MSFT,221.390000
2022-11-04 04:00:00,NVDA,14.160000
2022-11-04 04:00:00,TSLA,207.470000
2022-11-07 05:00:00,AAPL,138.920000
2022-11-07 05:00:00,MSFT,227.870000
2022-11-07 05:00:00,NVDA,14.300000
2022-11-07 05:00:00,TSLA,197.080000
2022-11-08 05:00:00,AAPL,139.500000
2022-11-08 05:00:00,MSFT,228.870000
2022-11-08 05:00:00,NVDA,14.600000
2022-11-08 05:00:00,TSLA,191.300000
2022-11-09 05:00:00,AAPL,134.870000
2022-11-09 05:00:00,MSFT,224.510000
2022-11-09 05:00:00,NVDA,13.780000
2022-11-09 05:00:00,TSLA,177.590000
2022-11-10 05:00:00,AAPL,146.870000
2022-11-10 05:00:00,MSFT,242.980000
2022-11-10 05:00:00,NVDA,15.750000
2022-11-10 05:00:00,TSLA,190.720000
2022-11-11 05:00:00,AAPL,149.700000
2022-11-11 05:00:00,MSFT,247.110000
2022-11-11 05:00:00,NVDA,16.330000
2022-11-11 05:00:00,TSLA,195.970000
2022-11-14 05:00:00,AAPL,148.280000
2022-11-14 05:00:00,MSFT,241.550000
2022-11-14 05:00:00,NVDA,16.300000
2022-11-14 05:00:00,TSLA,190.950000
2022-11-15 05:00:00,AAPL,150.040000
2022-11-15 05:00:00,MSFT,241.970000
2022-11-15 05:00:00,NVDA,16.670000
2022-11-15 05:00:00,TSLA,194.420000
2022-11-16 05:00:00,AAPL,148.790000
2022-11-16 05:00:00,MSFT,241.730000
2022-11-16 05:00:00,NVDA,15.910000
2022-11-16 05:00:00,TSLA,186.920000
2022-11-17 05:00:00,AAPL,150.720000
2022-11-17 05:00:00,MSFT,241.680000
2022-11-17 05:00:00,NVDA,15.680000
2022-11-17 05:00:00,TSLA,183.170000
2022-11-18 05:00:00,AAPL,151.290000
2022-11-18 05:00:00,MSFT,241.220000
2022-11-18 05:00:00,NVDA,15.410000
2022-11-18 05:00:00,TSLA,180.190000
2022-11-21 05:00:00,AAPL,148.010000
2022-11-21 05:00:00,MSFT,242.050000
2022-11-21 05:00:00,NVDA,15.320000
2022-11-21 05:00:00,TSLA,167.870000
2022-11-22 05:00:00,AAPL,150.180000
2022-11-22 05:00:00,MSFT,245.030000
2022-11-22 05:00:00,NVDA,16.040000
2022-11-22 05:00:00,TSLA,169.910000
2022-11-23 05:00:00,AAPL,151.070000
2022-11-23 05:00:00,MSFT,247.580000
2022-11-23 05:00:00,NVDA,16.520000
2022-11-23 05:00:00,TSLA,183.200000
2022-11-25 05:00:00,AAPL,148.110000
2022-11-25 05:00:00,MSFT,247.490000
2022-11-25 05:00:00,NVDA,16.270000
2022-11-25 05:00:00,TSLA,182.860000
2022-11-28 05:00:00,AAPL,144.220000
2022-11-28 05:00:00,MSFT,241.760000
2022-11-28 05:00:00,NVDA,15.830000
2022-11-28 05:00:00,TSLA,182.920000
2022-11-29 05:00:00,AAPL,141.170000
2022-11-29 05:00:00,MSFT,240.330000
2022-11-29 05:00:00,NVDA,15.640000
2022-11-29 05:00:00,TSLA,180.830000
2022-11-30 05:00:00,AAPL,148.030000
2022-11-30 05:00:00,MSFT,255.140000
2022-11-30 05:00:00,NVDA,16.920000
2022-11-30 05:00:00,TSLA,194.700000
2022-12-01 05:00:00,AAPL,148.310000
2022-12-01 05:00:00,MSFT,254.690000
2022-12-01 05:00:00,NVDA,17.140000
2022-12-01 05:00:00,TSLA,194.700000
2022-12-02 05:00:00,AAPL,147.810000
2022-12-02 05:00:00,MSFT,255.020000
2022-12-02 05:00:00,NVDA,16.880000
2022-12-02 05:00:00,TSLA,194.860000
2022-12-05 05:00:00,AAPL,146.630000
2022-12-05 05:00:00,MSFT,250.200000
2022-12-05 05:00:00,NVDA,16.610000
2022-12-05 05:00:00,TSLA,182.450000
2022-12-06 05:00:00,AAPL,142.910000
2022-12-06 05:00:00,MSFT,245.120000
2022-12-06 05:00:00,NVDA,15.990000
2022-12-06 05:00:00,TSLA,179.820000
2022-12-07 05:00:00,AAPL,140.940000
2022-12-07 05:00:00,MSFT,244.370000
2022-12-07 05:00:00,NVDA,16.120000
2022-12-07 05:00:00,TSLA,174.040000
2022-12-08 05:00:00,AAPL,142.650000
2022-12-08 05:00:00,MSFT,247.400000
2022-12-08 05:00:00,NVDA,17.170000
2022-12-08 05:00:00,TSLA,173.440000
2022-12-09 05:00:00,AAPL,142.160000
2022-12-09 05:00:00,MSFT,245.420000
2022-12-09 05:00:00,NVDA,17.000000
2022-12-09 05:00:00,TSLA,179.050000
2022-12-12 05:00:00,AAPL,144.490000
2022-12-12 05:00:00,MSFT,252.510000
2022-12-12 05:00:00,NVDA,17.540000
2022-12-12 05:00:00,TSLA,167.820000
2022-12-13 05:00:00,AAPL,145.470000
2022-12-13 05:00:00,MSFT,256.920000
2022-12-13 05:00:00,NVDA,18.070000
2022-12-13 05:00:00,TSLA,160.950000
2022-12-14 05:00:00,AAPL,143.210000
2022-12-14 05:00:00,MSFT,257.220000
2022-12-14 05:00:00,NVDA,17.670000
2022-12-14 05:00:00,TSLA,156.800000
2022-12-15 05:00:00,AAPL,136.500000
2022-12-15 05:00:00,MSFT,249.010000
2022-12-15 05:00:00,NVDA,16.950000
2022-12-15 05:00:00,TSLA,157.670000
2022-12-16 05:00:00,AAPL,134.510000
2022-12-16 05:00:00,MSFT,244.690000
2022-12-16 05:00:00,NVDA,16.570000
2022-12-16 05:00:00,TSLA,150.230000
2022-12-19 05:00:00,AAPL,132.370000
2022-12-19 05:00:00,MSFT,240.450000
2022-12-19 05:00:00,NVDA,16.250000
2022-12-19 05:00:00,TSLA,149.870000
2022-12-20 05:00:00,AAPL,132.300000
2022-12-20 05:00:00,MSFT,241.800000
2022-12-20 05:00:00,NVDA,16.090000
2022-12-20 05:00:00,TSLA,137.800000
2022-12-21 05:00:00,AAPL,135.450000
2022-12-21 05:00:00,MSFT,244.430000
2022-12-21 05:00:00,NVDA,16.500000
2022-12-21 05:00:00,TSLA,137.570000
2022-12-22 05:00:00,AAPL,132.230000
2022-12-22 05:00:00,MSFT,238.190000
2022-12-22 05:00:00,NVDA,15.340000
2022-12-22 05:00:00,TSLA,125.350000
2022-12-23 05:00:00,AAPL,131.860000
2022-12-23 05:00:00,MSFT,238.730000
2022-12-23 05:00:00,NVDA,15.210000
2022-12-23 05:00:00,TSLA,123.150000
2022-12-27 05:00:00,AAPL,130.030000
2022-12-27 05:00:00,MSFT,236.960000
2022-12-27 05:00:00,NVDA,14.120000
2022-12-27 05:00:00,TSLA,109.100000
2022-12-28 05:00:00,AAPL,126.040000
2022-12-28 05:00:00,MSFT,234.530000
2022-12-28 05:00:00,NVDA,14.040000
2022-12-28 05:00:00,TSLA,112.710000
2022-12-29 05:00:00,AAPL,129.610000
2022-12-29 05:00:00,MSFT,241.010000
2022-12-29 05:00:00,NVDA,14.600000
2022-12-29 05:00:00,TSLA,121.820000
2022-12-30 05:00:00,AAPL,129.930000
2022-12-30 05:00:00,MSFT,239.820000
2022-12-30 05:00:00,NVDA,14.610000
2022-12-30 05:00:00,TSLA,123.180000
2023-01-03 05:00:00,AAPL,125.070000
2023-01-03 05:00:00,MSFT,239.580000
2023-01-03 05:00:00,NVDA,14.310000
2023-01-03 05:00:00,TSLA,108.100000
2023-01-04 05:00:00,AAPL,126.360000
2023-01-04 05:00:00,MSFT,229.100000
2023-01-04 05:00:00,NVDA,14.750000
2023-01-04 05:00:00,TSLA,113.640000
2023-01-05 05:00:00,AAPL,125.020000
2023-01-05 05:00:00,MSFT,222.310000
2023-01-05 05:00:00,NVDA,14.270000
2023-01-05 05:00:00,TSLA,110.340000
2023-01-06 05:00:00,AAPL,129.620000
2023-01-06 05:00:00,MSFT,224.930000
2023-01-06 05:00:00,NVDA,14.860000
2023-01-06 05:00:00,TSLA,113.060000
2023-01-09 05:00:00,AAPL,130.150000
2023-01-09 05:00:00,MSFT,227.120000
2023-01-09 05:00:00,NVDA,15.630000
2023-01-09 05:00:00,TSLA,119.770000
2023-01-10 05:00:00,AAPL,130.730000
2023-01-10 05:00:00,MSFT,228.850000
2023-01-10 05:00:00,NVDA,15.910000
2023-01-10 05:00:00,TSLA,118.850000
2023-01-11 05:00:00,AAPL,133.490000
2023-01-11 05:00:00,MSFT,235.770000
2023-01-11 05:00:00,NVDA,16.000000
2023-01-11 05:00:00,TSLA,123.220000
2023-01-12 05:00:00,AAPL,133.410000
2023-01-12 05:00:00,MSFT,238.510000
2023-01-12 05:00:00,NVDA,16.510000
2023-01-12 05:00:00,TSLA,123.560000
2023-01-13 05:00:00,AAPL,134.760000
2023-01-13 05:00:00,MSFT,239.230000
2023-01-13 05:00:00,NVDA,16.900000
2023-01-13 05:00:00,TSLA,122.400000
2023-01-17 05:00:00,AAPL,135.940000
2023-01-17 05:00:00,MSFT,240.350000
2023-01-17 05:00:00,NVDA,17.700000
2023-01-17 05:00:00,TSLA,131.490000
2023-01-18 05:00:00,AAPL,135.210000
2023-01-18 05:00:00,MSFT,235.810000
2023-01-18 05:00:00,NVDA,17.380000
2023-01-18 05:00:00,TSLA,128.780000
2023-01-19 05:00:00,AAPL,135.270000
2023-01-19 05:00:00,MSFT,231.930000
2023-01-19 05:00:00,NVDA,16.770000
2023-01-19 05:00:00,TSLA,127.170000
2023-01-20 05:00:00,AAPL,137.870000
2023-01-20 05:00:00,MSFT,240.220000
2023-01-20 05:00:00,NVDA,17.840000
2023-01-20 05:00:00,TSLA,133.420000
2023-01-23 05:00:00,AAPL,141.110000
2023-01-23 05:00:00,MSFT,242.580000
2023-01-23 05:00:00,NVDA,19.190000
2023-01-23 05:00:00,TSLA,143.750000
2023-01-24 05:00:00,AAPL,142.530000
2023-01-24 05:00:00,MSFT,242.040000
2023-01-24 05:00:00,NVDA,19.270000
2023-01-24 05:00:00,TSLA,143.890000
2023-01-25 05:00:00,AAPL,141.860000
2023-01-25 05:00:00,MSFT,240.610000
2023-01-25 05:00:00,NVDA,19.320000
2023-01-25 05:00:00,TSLA,144.430000
2023-01-26 05:00:00,AAPL,143.960000
2023-01-26 05:00:00,MSFT,248.000000
2023-01-26 05:00:00,NVDA,19.800000
2023-01-26 05:00:00,TSLA,160.270000
2023-01-27 05:00:00,AAPL,145.930000
2023-01-27 05:00:00,MSFT,248.160000
2023-01-27 05:00:00,NVDA,20.360000
2023-01-27 05:00:00,TSLA,177.900000
2023-01-30 05:00:00,AAPL,143.000000
2023-01-30 05:00:00,MSFT,242.710000
2023-01-30 05:00:00,NVDA,19.160000
2023-01-30 05:00:00,TSLA,166.660000
2023-01-31 05:00:00,AAPL,144.290000
2023-01-31 05:00:00,MSFT,247.810000
2023-01-31 05:00:00,NVDA,19.540000
2023-01-31 05:00:00,TSLA,173.220000
2023-02-01 05:00:00,AAPL,145.430000
2023-02-01 05:00:00,MSFT,252.750000
2023-02-01 05:00:00,NVDA,20.940000
2023-02-01 05:00:00,TSLA,181.410000
2023-02-02 05:00:00,AAPL,150.820000
2023-02-02 05:00:00,MSFT,264.600000
2023-02-02 05:00:00,NVDA,21.710000
2023-02-02 05:00:00,TSLA,188.270000
2023-02-03 05:00:00,AAPL,154.500000
2023-02-03 05:00:00,MSFT,258.350000
2023-02-03 05:00:00,NVDA,21.100000
2023-02-03 05:00:00,TSLA,189.980000
2023-02-06 05:00:00,AAPL,151.730000
2023-02-06 05:00:00,MSFT,256.770000
2023-02-06 05:00:00,NVDA,21.090000
2023-02-06 05:00:00,TSLA,194.760000
2023-02-07 05:00:00,AAPL,154.650000
2023-02-07 05:00:00,MSFT,267.560000
2023-02-07 05:00:00,NVDA,22.170000
2023-02-07 05:00:00,TSLA,196.810000
2023-02-08 05:00:00,AAPL,151.920000
2023-02-08 05:00:00,MSFT,266.730000
2023-02-08 05:00:00,NVDA,22.200000
2023-02-08 05:00:00,TSLA,201.290000
2023-02-09 05:00:00,AAPL,150.870000
2023-02-09 05:00:00,MSFT,263.620000
2023-02-09 05:00:00,NVDA,22.340000
2023-02-09 05:00:00,TSLA,207.320000
2023-02-10 05:00:00,AAPL,151.010000
2023-02-10 05:00:00,MSFT,263.100000
2023-02-10 05:00:00,NVDA,21.270000
2023-02-10 05:00:00,TSLA,196.890000
2023-02-13 05:00:00,AAPL,153.850000
2023-02-13 05:00:00,MSFT,271.320000
2023-02-13 05:00:00,NVDA,21.790000
2023-02-13 05:00:00,TSLA,194.640000
2023-02-14 05:00:00,AAPL,153.200000
2023-02-14 05:00:00,MSFT,272.170000
2023-02-14 05:00:00,NVDA,22.970000
2023-02-14 05:00:00,TSLA,209.250000
2023-02-15 05:00:00,AAPL,155.330000
2023-02-15 05:00:00,MSFT,269.320000
2023-02-15 05:00:00,NVDA,22.760000
2023-02-15 05:00:00,TSLA,214.240000
2023-02-16 05:00:00,AAPL,153.710000
2023-02-16 05:00:00,MSFT,262.150000
2023-02-16 05:00:00,NVDA,22.000000
2023-02-16 05:00:00,TSLA,202.040000
2023-02-17 05:00:00,AAPL,152.550000
2023-02-17 05:00:00,MSFT,258.060000
2023-02-17 05:00:00,NVDA,21.390000
2023-02-17 05:00:00,TSLA,208.310000
2023-02-21 05:00:00,AAPL,148.480000
2023-02-21 05:00:00,MSFT,252.670000
2023-02-21 05:00:00,NVDA,20.660000
2023-02-21 05:00:00,TSLA,197.370000
2023-02-22 05:00:00,AAPL,148.910000
2023-02-22 05:00:00,MSFT,251.510000
2023-02-22 05:00:00,NVDA,20.750000
2023-02-22 05:00:00,TSLA,200.860000
2023-02-23 05:00:00,AAPL,149.400000
2023-02-23 05:00:00,MSFT,254.770000
2023-02-23 05:00:00,NVDA,23.660000
2023-02-23 05:00:00,TSLA,202.070000
2023-02-24 05:00:00,AAPL,146.710000
2023-02-24 05:00:00,MSFT,249.220000
2023-02-24 05:00:00,NVDA,23.290000
2023-02-24 05:00:00,TSLA,196.880000
2023-02-27 05:00:00,AAPL,147.920000
2023-02-27 05:00:00,MSFT,250.160000
2023-02-27 05:00:00,NVDA,23.500000
2023-02-27 05:00:00,TSLA,207.630000
2023-02-28 05:00:00,AAPL,147.410000
2023-02-28 05:00:00,MSFT,249.420000
2023-02-28 05:00:00,NVDA,23.220000
2023-02-28 05:00:00,TSLA,205.710000
2023-03-01 05:00:00,AAPL,145.310000
2023-03-01 05:00:00,MSFT,246.270000
2023-03-01 05:00:00,NVDA,22.700000
2023-03-01 05:00:00,TSLA,202.770000
2023-03-02 05:00:00,AAPL,145.910000
2023-03-02 05:00:00,MSFT,251.110000
2023-03-02 05:00:00,NVDA,23.310000
2023-03-02 05:00:00,TSLA,190.900000
2023-03-03 05:00:00,AAPL,151.030000
2023-03-03 05:00:00,MSFT,255.290000
2023-03-03 05:00:00,NVDA,23.890000
2023-03-03 05:00:00,TSLA,197.790000
2023-03-06 05:00:00,AAPL,153.830000
2023-03-06 05:00:00,MSFT,256.870000
2023-03-06 05:00:00,NVDA,23.550000
2023-03-06 05:00:00,TSLA,193.810000
2023-03-07 05:00:00,AAPL,151.600000
2023-03-07 05:00:00,MSFT,254.150000
2023-03-07 05:00:00,NVDA,23.290000
2023-03-07 05:00:00,TSLA,187.710000
2023-03-08 05:00:00,AAPL,152.870000
2023-03-08 05:00:00,MSFT,253.700000
2023-03-08 05:00:00,NVDA,24.180000
2023-03-08 05:00:00,TSLA,182.000000
2023-03-09 05:00:00,AAPL,150.590000
2023-03-09 05:00:00,MSFT,252.320000
2023-03-09 05:00:00,NVDA,23.440000
2023-03-09 05:00:00,TSLA,172.920000
2023-03-10 05:00:00,AAPL,148.500000
2023-03-10 05:00:00,MSFT,248.590000
2023-03-10 05:00:00,NVDA,22.960000
2023-03-10 05:00:00,TSLA,173.440000
2023-03-13 04:00:00,AAPL,150.470000
2023-03-13 04:00:00,MSFT,253.920000
2023-03-13 04:00:00,NVDA,22.970000
2023-03-13 04:00:00,TSLA,174.480000
2023-03-14 04:00:00,AAPL,152.590000
2023-03-14 04:00:00,MSFT,260.790000
2023-03-14 04:00:00,NVDA,24.060000
2023-03-14 04:00:00,TSLA,183.260000
2023-03-15 04:00:00,AAPL,152.990000
2023-03-15 04:00:00,MSFT,265.440000
2023-03-15 04:00:00,NVDA,24.230000
2023-03-15 04:00:00,TSLA,180.450000
2023-03-16 04:00:00,AAPL,155.850000
2023-03-16 04:00:00,MSFT,276.200000
2023-03-16 04:00:00,NVDA,25.540000
2023-03-16 04:00:00,TSLA,184.130000
2023-03-17 04:00:00,AAPL,155.000000
2023-03-17 04:00:00,MSFT,279.430000
2023-03-17 04:00:00,NVDA,25.730000
2023-03-17 04:00:00,TSLA,180.130000
2023-03-20 04:00:00,AAPL,157.400000
2023-03-20 04:00:00,MSFT,272.230000
2023-03-20 04:00:00,NVDA,25.900000
2023-03-20 04:00:00,TSLA,183.250000
2023-03-21 04:00:00,AAPL,159.280000
2023-03-21 04:00:00,MSFT,273.780000
2023-03-21 04:00:00,NVDA,26.200000
2023-03-21 04:00:00,TSLA,197.580000
2023-03-22 04:00:00,AAPL,157.830000
2023-03-22 04:00:00,MSFT,272.290000
2023-03-22 04:00:00,NVDA,26.470000
2023-03-22 04:00:00,TSLA,191.150000
2023-03-23 04:00:00,AAPL,158.930000
2023-03-23 04:00:00,MSFT,277.660000
2023-03-23 04:00:00,NVDA,27.190000
2023-03-23 04:00:00,TSLA,192.220000
2023-03-24 04:00:00,AAPL,160.250000
2023-03-24 04:00:00,MSFT,280.570000
2023-03-24 04:00:00,NVDA,26.780000
2023-03-24 04:00:00,TSLA,190.410000
2023-03-27 04:00:00,AAPL,158.280000
2023-03-27 04:00:00,MSFT,276.380000
2023-03-27 04:00:00,NVDA,26.530000
2023-03-27 04:00:00,TSLA,191.810000
2023-03-28 04:00:00,AAPL,157.650000
2023-03-28 04:00:00,MSFT,275.230000
2023-03-28 04:00:00,NVDA,26.410000
2023-03-28 04:00:00,TSLA,189.190000
2023-03-29 04:00:00,AAPL,160.770000
2023-03-29 04:00:00,MSFT,280.510000
2023-03-29 04:00:00,NVDA,26.980000
2023-03-29 04:00:00,TSLA,193.880000
2023-03-30 04:00:00,AAPL,162.360000
2023-03-30 04:00:00,MSFT,284.050000
2023-03-30 04:00:00,NVDA,27.380000
2023-03-30 04:00:00,TSLA,195.280000
2023-03-31 04:00:00,AAPL,164.900000
2023-03-31 04:00:00,MSFT,288.300000
2023-03-31 04:00:00,NVDA,27.780000
2023-03-31 04:00:00,TSLA,207.460000
2023-04-03 04:00:00,AAPL,166.170000
2023-04-03 04:00:00,MSFT,287.230000
2023-04-03 04:00:00,NVDA,27.960000
2023-04-03 04:00:00,TSLA,194.770000
2023-04-04 04:00:00,AAPL,165.630000
2023-04-04 04:00:00,MSFT,287.180000
2023-04-04 04:00:00,NVDA,27.450000
2023-04-04 04:00:00,TSLA,192.580000
2023-04-05 04:00:00,AAPL,163.760000
2023-04-05 04:00:00,MSFT,284.340000
2023-04-05 04:00:00,NVDA,26.880000
2023-04-05 04:00:00,TSLA,185.520000
2023-04-06 04:00:00,AAPL,164.660000
2023-04-06 04:00:00,MSFT,291.600000
2023-04-06 04:00:00,NVDA,27.040000
2023-04-06 04:00:00,TSLA,185.060000
2023-04-10 04:00:00,AAPL,162.030000
2023-04-10 04:00:00,MSFT,289.390000
2023-04-10 04:00:00,NVDA,27.580000
2023-04-10 04:00:00,TSLA,184.510000
2023-04-11 04:00:00,AAPL,160.800000
2023-04-11 04:00:00,MSFT,282.830000
2023-04-11 04:00:00,NVDA,27.170000
2023-04-11 04:00:00,TSLA,186.790000
2023-04-12 04:00:00,AAPL,160.100000
2023-04-12 04:00:00,MSFT,283.490000
2023-04-12 04:00:00,NVDA,26.500000
2023-04-12 04:00:00,TSLA,180.540000
2023-04-13 04:00:00,AAPL,165.560000
2023-04-13 04:00:00,MSFT,289.840000
2023-04-13 04:00:00,NVDA,26.460000
2023-04-13 04:00:00,TSLA,185.900000
2023-04-14 04:00:00,AAPL,165.210000
2023-04-14 04:00:00,MSFT,286.140000
2023-04-14 04:00:00,NVDA,26.760000
2023-04-14 04:00:00,TSLA,185.000000
2023-04-17 04:00:00,AAPL,165.230000
2023-04-17 04:00:00,MSFT,288.800000
2023-04-17 04:00:00,NVDA,27.000000
2023-04-17 04:00:00,TSLA,187.040000
2023-04-18 04:00:00,AAPL,166.470000
2023-04-18 04:00:00,MSFT,288.370000
2023-04-18 04:00:00,NVDA,27.670000
2023-04-18 04:00:00,TSLA,184.310000
2023-04-19 04:00:00,AAPL,167.630000
2023-04-19 04:00:00,MSFT,288.450000
2023-04-19 04:00:00,NVDA,27.930000
2023-04-19 04:00:00,TSLA,180.590000
2023-04-20 04:00:00,AAPL,166.650000
2023-04-20 04:00:00,MSFT,286.110000
2023-04-20 04:00:00,NVDA,27.100000
2023-04-20 04:00:00,TSLA,162.990000
2023-04-21 04:00:00,AAPL,165.020000
2023-04-21 04:00:00,MSFT,285.760000
2023-04-21 04:00:00,NVDA,27.120000
2023-04-21 04:00:00,TSLA,165.080000
2023-04-24 04:00:00,AAPL,165.330000
2023-04-24 04:00:00,MSFT,281.770000
2023-04-24 04:00:00,NVDA,27.040000
2023-04-24 04:00:00,TSLA,162.550000
2023-04-25 04:00:00,AAPL,163.770000
2023-04-25 04:00:00,MSFT,275.420000
2023-04-25 04:00:00,NVDA,26.240000
2023-04-25 04:00:00,TSLA,160.670000
2023-04-26 04:00:00,AAPL,163.760000
2023-04-26 04:00:00,MSFT,295.370000
2023-04-26 04:00:00,NVDA,26.960000
2023-04-26 04:00:00,TSLA,153.750000
2023-04-27 04:00:00,AAPL,168.410000
2023-04-27 04:00:00,MSFT,304.830000
2023-04-27 04:00:00,NVDA,27.230000
2023-04-27 04:00:00,TSLA,160.190000
2023-04-28 04:00:00,AAPL,169.680000
2023-04-28 04:00:00,MSFT,307.260000
2023-04-28 04:00:00,NVDA,27.750000
2023-04-28 04:00:00,TSLA,164.310000
2023-05-01 04:00:00,AAPL,169.590000
2023-05-01 04:00:00,MSFT,305.560000
2023-05-01 04:00:00,NVDA,28.910000
2023-05-01 04:00:00,TSLA,161.830000
2023-05-02 04:00:00,AAPL,168.540000
2023-05-02 04:00:00,MSFT,305.410000
2023-05-02 04:00:00,NVDA,28.210000
2023-05-02 04:00:00,TSLA,160.310000
2023-05-03 04:00:00,AAPL,167.450000
2023-05-03 04:00:00,MSFT,304.400000
2023-05-03 04:00:00,NVDA,27.800000
2023-05-03 04:00:00,TSLA,160.610000
2023-05-04 04:00:00,AAPL,165.790000
2023-05-04 04:00:00,MSFT,305.410000
2023-05-04 04:00:00,NVDA,27.560000
2023-05-04 04:00:00,TSLA,161.200000
2023-05-05 04:00:00,AAPL,173.570000
2023-05-05 04:00:00,MSFT,310.650000
2023-05-05 04:00:00,NVDA,28.680000
2023-05-05 04:00:00,TSLA,170.060000
2023-05-08 04:00:00,AAPL,173.500000
2023-05-08 04:00:00,MSFT,308.650000
2023-05-08 04:00:00,NVDA,29.150000
2023-05-08 04:00:00,TSLA,171.790000
2023-05-09 04:00:00,AAPL,171.770000
2023-05-09 04:00:00,MSFT,307.000000
2023-05-09 04:00:00,NVDA,28.570000
2023-05-09 04:00:00,TSLA,169.150000
2023-05-10 04:00:00,AAPL,173.560000
2023-05-10 04:00:00,MSFT,312.310000
2023-05-10 04:00:00,NVDA,28.890000
2023-05-10 04:00:00,TSLA,168.540000
2023-05-11 04:00:00,AAPL,173.750000
2023-05-11 04:00:00,MSFT,310.110000
2023-05-11 04:00:00,NVDA,28.580000
2023-05-11 04:00:00,TSLA,172.080000
2023-05-12 04:00:00,AAPL,172.570000
2023-05-12 04:00:00,MSFT,308.970000
2023-05-12 04:00:00,NVDA,28.340000
2023-05-12 04:00:00,TSLA,167.980000
2023-05-15 04:00:00,AAPL,172.070000
2023-05-15 04:00:00,MSFT,309.460000
2023-05-15 04:00:00,NVDA,28.950000
2023-05-15 04:00:00,TSLA,166.350000
2023-05-16 04:00:00,AAPL,172.070000
2023-05-16 04:00:00,MSFT,311.740000
2023-05-16 04:00:00,NVDA,29.210000
2023-05-16 04:00:00,TSLA,166.520000
2023-05-17 04:00:00,AAPL,172.690000
2023-05-17 04:00:00,MSFT,314.000000
2023-05-17 04:00:00,NVDA,30.180000
2023-05-17 04:00:00,TSLA,173.860000
2023-05-18 04:00:00,AAPL,175.050000
2023-05-18 04:00:00,MSFT,318.520000
2023-05-18 04:00:00,NVDA,31.680000
2023-05-18 04:00:00,TSLA,176.890000
2023-05-19 04:00:00,AAPL,175.160000
2023-05-19 04:00:00,MSFT,318.340000
2023-05-19 04:00:00,NVDA,31.260000
2023-05-19 04:00:00,TSLA,180.140000
2023-05-22 04:00:00,AAPL,174.200000
2023-05-22 04:00:00,MSFT,321.180000
2023-05-22 04:00:00,NVDA,31.180000
2023-05-22 04:00:00,TSLA,188.870000
2023-05-23 04:00:00,AAPL,171.560000
2023-05-23 04:00:00,MSFT,315.260000
2023-05-23 04:00:00,NVDA,30.690000
2023-05-23 04:00:00,TSLA,185.770000
2023-05-24 04:00:00,AAPL,171.840000
2023-05-24 04:00:00,MSFT,313.850000
2023-05-24 04:00:00,NVDA,30.540000
2023-05-24 04:00:00,TSLA,182.900000
2023-05-25 04:00:00,AAPL,172.990000
2023-05-25 04:00:00,MSFT,325.920000
2023-05-25 04:00:00,NVDA,37.980000
2023-05-25 04:00:00,TSLA,184.470000
2023-05-26 04:00:00,AAPL,175.430000
2023-05-26 04:00:00,MSFT,332.890000
2023-05-26 04:00:00,NVDA,38.950000
2023-05-26 04:00:00,TSLA,193.170000
2023-05-30 04:00:00,AAPL,177.300000
2023-05-30 04:00:00,MSFT,331.210000
2023-05-30 04:00:00,NVDA,40.110000
2023-05-30 04:00:00,TSLA,201.160000
2023-05-31 04:00:00,AAPL,177.250000
2023-05-31 04:00:00,MSFT,328.390000
2023-05-31 04:00:00,NVDA,37.830000
2023-05-31 04:00:00,TSLA,203.930000
2023-06-01 04:00:00,AAPL,180.090000
2023-06-01 04:00:00,MSFT,332.580000
2023-06-01 04:00:00,NVDA,39.770000
2023-06-01 04:00:00,TSLA,207.520000
2023-06-02 04:00:00,AAPL,180.950000
2023-06-02 04:00:00,MSFT,335.400000
2023-06-02 04:00:00,NVDA,39.330000
2023-06-02 04:00:00,TSLA,213.970000
2023-06-05 04:00:00,AAPL,179.580000
2023-06-05 04:00:00,MSFT,335.940000
2023-06-05 04:00:00,NVDA,39.170000
2023-06-05 04:00:00,TSLA,217.610000
2023-06-06 04:00:00,AAPL,179.210000
2023-06-06 04:00:00,MSFT,333.680000
2023-06-06 04:00:00,NVDA,38.650000
2023-06-06 04:00:00,TSLA,221.310000
2023-06-07 04:00:00,AAPL,177.820000
2023-06-07 04:00:00,MSFT,323.380000
2023-06-07 04:00:00,NVDA,37.480000
2023-06-07 04:00:00,TSLA,224.570000
2023-06-08 04:00:00,AAPL,180.570000
2023-06-08 04:00:00,MSFT,325.260000
2023-06-08 04:00:00,NVDA,38.510000
2023-06-08 04:00:00,TSLA,234.860000
2023-06-09 04:00:00,AAPL,180.960000
2023-06-09 04:00:00,MSFT,326.790000
2023-06-09 04:00:00,NVDA,38.770000
2023-06-09 04:00:00,TSLA,244.400000
2023-06-12 04:00:00,AAPL,183.790000
2023-06-12 04:00:00,MSFT,331.850000
2023-06-12 04:00:00,NVDA,39.480000
2023-06-12 04:00:00,TSLA,249.830000
2023-06-13 04:00:00,AAPL,183.310000
2023-06-13 04:00:00,MSFT,334.290000
2023-06-13 04:00:00,NVDA,41.020000
2023-06-13 04:00:00,TSLA,258.710000
2023-06-14 04:00:00,AAPL,183.950000
2023-06-14 04:00:00,MSFT,337.340000
2023-06-14 04:00:00,NVDA,43.000000
2023-06-14 04:00:00,TSLA,256.790000
2023-06-15 04:00:00,AAPL,186.010000
2023-06-15 04:00:00,MSFT,348.100000
2023-06-15 04:00:00,NVDA,42.650000
2023-06-15 04:00:00,TSLA,255.900000
2023-06-16 04:00:00,AAPL,184.920000
2023-06-16 04:00:00,MSFT,342.330000
2023-06-16 04:00:00,NVDA,42.690000
2023-06-16 04:00:00,TSLA,260.540000
2023-06-20 04:00:00,AAPL,185.010000
2023-06-20 04:00:00,MSFT,338.050000
2023-06-20 04:00:00,NVDA,43.810000
2023-06-20 04:00:00,TSLA,274.450000
2023-06-21 04:00:00,AAPL,183.960000
2023-06-21 04:00:00,MSFT,333.560000
2023-06-21 04:00:00,NVDA,43.050000
2023-06-21 04:00:00,TSLA,259.460000
2023-06-22 04:00:00,AAPL,187.000000
2023-06-22 04:00:00,MSFT,339.710000
2023-06-22 04:00:00,NVDA,43.020000
2023-06-22 04:00:00,TSLA,264.610000
2023-06-23 04:00:00,AAPL,186.680000
2023-06-23 04:00:00,MSFT,335.020000
2023-06-23 04:00:00,NVDA,42.210000
2023-06-23 04:00:00,TSLA,256.600000
2023-06-26 04:00:00,AAPL,185.270000
2023-06-26 04:00:00,MSFT,328.600000
2023-06-26 04:00:00,NVDA,40.630000
2023-06-26 04:00:00,TSLA,241.050000
2023-06-27 04:00:00,AAPL,188.060000
2023-06-27 04:00:00,MSFT,334.570000
2023-06-27 04:00:00,NVDA,41.880000
2023-06-27 04:00:00,TSLA,250.210000
2023-06-28 04:00:00,AAPL,189.250000
2023-06-28 04:00:00,MSFT,335.850000
2023-06-28 04:00:00,NVDA,41.120000
2023-06-28 04:00:00,TSLA,256.240000
2023-06-29 04:00:00,AAPL,189.590000
2023-06-29 04:00:00,MSFT,335.050000
2023-06-29 04:00:00,NVDA,40.820000
2023-06-29 04:00:00,TSLA,257.500000
2023-06-30 04:00:00,AAPL,193.970000
2023-06-30 04:00:00,MSFT,340.540000
2023-06-30 04:00:00,NVDA,42.300000
2023-06-30 04:00:00,TSLA,261.770000
2023-07-03 04:00:00,AAPL,192.460000
2023-07-03 04:00:00,MSFT,337.990000
2023-07-03 04:00:00,NVDA,42.410000
2023-07-03 04:00:00,TSLA,279.820000
2023-07-05 04:00:00,AAPL,191.330000
2023-07-05 04:00:00,MSFT,338.150000
2023-07-05 04:00:00,NVDA,42.320000
2023-07-05 04:00:00,TSLA,282.480000
2023-07-06 04:00:00,AAPL,191.810000
2023-07-06 04:00:00,MSFT,341.270000
2023-07-06 04:00:00,NVDA,42.100000
2023-07-06 04:00:00,TSLA,276.540000
2023-07-07 04:00:00,AAPL,190.680000
2023-07-07 04:00:00,MSFT,337.220000
2023-07-07 04:00:00,NVDA,42.500000
2023-07-07 04:00:00,TSLA,274.430000
2023-07-10 04:00:00,AAPL,188.610000
2023-07-10 04:00:00,MSFT,331.830000
2023-07-10 04:00:00,NVDA,42.180000
2023-07-10 04:00:00,TSLA,269.610000
2023-07-11 04:00:00,AAPL,188.080000
2023-07-11 04:00:00,MSFT,332.470000
2023-07-11 04:00:00,NVDA,42.410000
2023-07-11 04:00:00,TSLA,269.790000
2023-07-12 04:00:00,AAPL,189.770000
2023-07-12 04:00:00,MSFT,337.200000
2023-07-12 04:00:00,NVDA,43.900000
2023-07-12 04:00:00,TSLA,271.990000
2023-07-13 04:00:00,AAPL,190.540000
2023-07-13 04:00:00,MSFT,342.660000
2023-07-13 04:00:00,NVDA,45.980000
2023-07-13 04:00:00,TSLA,277.900000
2023-07-14 04:00:00,AAPL,190.690000
2023-07-14 04:00:00,MSFT,345.240000
2023-07-14 04:00:00,NVDA,45.470000
2023-07-14 04:00:00,TSLA,281.380000
2023-07-17 04:00:00,AAPL,193.990000
2023-07-17 04:00:00,MSFT,345.730000
2023-07-17 04:00:00,NVDA,46.460000
2023-07-17 04:00:00,TSLA,290.380000
2023-07-18 04:00:00,AAPL,193.730000
2023-07-18 04:00:00,MSFT,359.490000
2023-07-18 04:00:00,NVDA,47.490000
2023-07-18 04:00:00,TSLA,293.340000
2023-07-19 04:00:00,AAPL,195.100000
2023-07-19 04:00:00,MSFT,355.080000
2023-07-19 04:00:00,NVDA,47.080000
2023-07-19 04:00:00,TSLA,291.260000
2023-07-20 04:00:00,AAPL,193.130000
2023-07-20 04:00:00,MSFT,346.870000
2023-07-20 04:00:00,NVDA,45.520000
2023-07-20 04:00:00,TSLA,262.900000
2023-07-21 04:00:00,AAPL,191.940000
2023-07-21 04:00:00,MSFT,343.770000
2023-07-21 04:00:00,NVDA,44.310000
2023-07-21 04:00:00,TSLA,260.020000
2023-07-24 04:00:00,AAPL,192.750000
2023-07-24 04:00:00,MSFT,345.110000
2023-07-24 04:00:00,NVDA,44.610000
2023-07-24 04:00:00,TSLA,269.060000
2023-07-25 04:00:00,AAPL,193.620000
2023-07-25 04:00:00,MSFT,350.980000
2023-07-25 04:00:00,NVDA,45.680000
2023-07-25 04:00:00,TSLA,265.280000
2023-07-26 04:00:00,AAPL,194.500000
2023-07-26 04:00:00,MSFT,337.770000
2023-07-26 04:00:00,NVDA,45.450000
2023-07-26 04:00:00,TSLA,264.350000
2023-07-27 04:00:00,AAPL,193.220000
2023-07-27 04:00:00,MSFT,330.720000
2023-07-27 04:00:00,NVDA,45.900000
2023-07-27 04:00:00,TSLA,255.710000
2023-07-28 04:00:00,AAPL,195.830000
2023-07-28 04:00:00,MSFT,338.370000
2023-07-28 04:00:00,NVDA,46.750000
2023-07-28 04:00:00,TSLA,266.440000
2023-07-31 04:00:00,AAPL,196.450000
2023-07-31 04:00:00,MSFT,335.920000
2023-07-31 04:00:00,NVDA,46.730000
2023-07-31 04:00:00,TSLA,267.430000
2023-08-01 04:00:00,AAPL,195.600000
2023-08-01 04:00:00,MSFT,336.340000
2023-08-01 04:00:00,NVDA,46.510000
2023-08-01 04:00:00,TSLA,261.070000
2023-08-02 04:00:00,AAPL,192.580000
2023-08-02 04:00:00,MSFT,327.500000
2023-08-02 04:00:00,NVDA,44.270000
2023-08-02 04:00:00,TSLA,254.110000
2023-08-03 04:00:00,AAPL,191.170000
2023-08-03 04:00:00,MSFT,326.660000
2023-08-03 04:00:00,NVDA,44.520000
2023-08-03 04:00:00,TSLA,259.320000
2023-08-04 04:00:00,AAPL,181.990000
2023-08-04 04:00:00,MSFT,327.780000
2023-08-04 04:00:00,NVDA,44.680000
2023-08-04 04:00:00,TSLA,253.860000
2023-08-07 04:00:00,AAPL,178.850000
2023-08-07 04:00:00,MSFT,330.110000
2023-08-07 04:00:00,NVDA,45.420000
2023-08-07 04:00:00,TSLA,251.450000
2023-08-08 04:00:00,AAPL,179.800000
2023-08-08 04:00:00,MSFT,326.050000
2023-08-08 04:00:00,NVDA,44.660000
2023-08-08 04:00:00,TSLA,249.700000
2023-08-09 04:00:00,AAPL,178.190000
2023-08-09 04:00:00,MSFT,322.230000
2023-08-09 04:00:00,NVDA,42.550000
2023-08-09 04:00:00,TSLA,242.190000
2023-08-10 04:00:00,AAPL,177.970000
2023-08-10 04:00:00,MSFT,322.930000
2023-08-10 04:00:00,NVDA,42.390000
2023-08-10 04:00:00,TSLA,245.340000
2023-08-11 04:00:00,AAPL,177.790000
2023-08-11 04:00:00,MSFT,321.010000
2023-08-11 04:00:00,NVDA,40.850000
2023-08-11 04:00:00,TSLA,242.650000
2023-08-14 04:00:00,AAPL,179.460000
2023-08-14 04:00:00,MSFT,324.040000
2023-08-14 04:00:00,NVDA,43.750000
2023-08-14 04:00:00,TSLA,239.760000
2023-08-15 04:00:00,AAPL,177.450000
2023-08-15 04:00:00,MSFT,321.860000
2023-08-15 04:00:00,NVDA,43.940000
2023-08-15 04:00:00,TSLA,232.960000
2023-08-16 04:00:00,AAPL,176.570000
2023-08-16 04:00:00,MSFT,320.400000
2023-08-16 04:00:00,NVDA,43.490000
2023-08-16 04:00:00,TSLA,225.600000
2023-08-17 04:00:00,AAPL,174.000000
2023-08-17 04:00:00,MSFT,316.880000
2023-08-17 04:00:00,NVDA,43.340000
2023-08-17 04:00:00,TSLA,219.220000
2023-08-18 04:00:00,AAPL,174.490000
2023-08-18 04:00:00,MSFT,316.480000
2023-08-18 04:00:00,NVDA,43.300000
2023-08-18 04:00:00,TSLA,215.490000
2023-08-21 04:00:00,AAPL,175.840000
2023-08-21 04:00:00,MSFT,321.880000
2023-08-21 04:00:00,NVDA,46.970000
2023-08-21 04:00:00,TSLA,231.280000
2023-08-22 04:00:00,AAPL,177.230000
2023-08-22 04:00:00,MSFT,322.460000
2023-08-22 04:00:00,NVDA,45.670000
2023-08-22 04:00:00,TSLA,233.190000
2023-08-23 04:00:00,AAPL,181.120000
2023-08-23 04:00:00,MSFT,327.000000
2023-08-23 04:00:00,NVDA,47.120000
2023-08-23 04:00:00,TSLA,236.860000
2023-08-24 04:00:00,AAPL,176.380000
2023-08-24 04:00:00,MSFT,319.970000
2023-08-24 04:00:00,NVDA,47.160000
2023-08-24 04:00:00,TSLA,230.040000
2023-08-25 04:00:00,AAPL,178.610000
2023-08-25 04:00:00,MSFT,322.980000
2023-08-25 04:00:00,NVDA,46.020000
2023-08-25 04:00:00,TSLA,238.590000
2023-08-28 04:00:00,AAPL,180.190000
2023-08-28 04:00:00,MSFT,323.700000
2023-08-28 04:00:00,NVDA,46.840000
2023-08-28 04:00:00,TSLA,238.820000
2023-08-29 04:00:00,AAPL,184.120000
2023-08-29 04:00:00,MSFT,328.410000
2023-08-29 04:00:00,NVDA,48.780000
2023-08-29 04:00:00,TSLA,257.180000
2023-08-30 04:00:00,AAPL,187.650000
2023-08-30 04:00:00,MSFT,328.790000
2023-08-30 04:00:00,NVDA,49.260000
2023-08-30 04:00:00,TSLA,256.900000
2023-08-31 04:00:00,AAPL,187.870000
2023-08-31 04:00:00,MSFT,327.760000
2023-08-31 04:00:00,NVDA,49.350000
2023-08-31 04:00:00,TSLA,258.080000
2023-09-01 04:00:00,AAPL,189.460000
2023-09-01 04:00:00,MSFT,328.660000
2023-09-01 04:00:00,NVDA,48.510000
2023-09-01 04:00:00,TSLA,245.010000
2023-09-05 04:00:00,AAPL,189.700000
2023-09-05 04:00:00,MSFT,333.550000
2023-09-05 04:00:00,NVDA,48.550000
2023-09-05 04:00:00,TSLA,256.490000
2023-09-06 04:00:00,AAPL,182.910000
2023-09-06 04:00:00,MSFT,332.880000
2023-09-06 04:00:00,NVDA,47.060000
2023-09-06 04:00:00,TSLA,251.920000
2023-09-07 04:00:00,AAPL,177.560000
2023-09-07 04:00:00,MSFT,329.910000
2023-09-07 04:00:00,NVDA,46.240000
2023-09-07 04:00:00,TSLA,251.490000
2023-09-08 04:00:00,AAPL,178.180000
2023-09-08 04:00:00,MSFT,334.270000
2023-09-08 04:00:00,NVDA,45.570000
2023-09-08 04:00:00,TSLA,248.500000
2023-09-11 04:00:00,AAPL,179.360000
2023-09-11 04:00:00,MSFT,337.940000
2023-09-11 04:00:00,NVDA,45.180000
2023-09-11 04:00:00,TSLA,273.580000
2023-09-12 04:00:00,AAPL,176.300000
2023-09-12 04:00:00,MSFT,331.770000
2023-09-12 04:00:00,NVDA,44.870000
2023-09-12 04:00:00,TSLA,267.480000
2023-09-13 04:00:00,AAPL,174.210000
2023-09-13 04:00:00,MSFT,336.060000
2023-09-13 04:00:00,NVDA,45.480000
2023-09-13 04:00:00,TSLA,271.300000
2023-09-14 04:00:00,AAPL,175.740000
2023-09-14 04:00:00,MSFT,338.700000
2023-09-14 04:00:00,NVDA,45.580000
2023-09-14 04:00:00,TSLA,276.040000
2023-09-15 04:00:00,AAPL,175.010000
2023-09-15 04:00:00,MSFT,330.220000
2023-09-15 04:00:00,NVDA,43.900000
2023-09-15 04:00:00,TSLA,274.390000
2023-09-18 04:00:00,AAPL,177.970000
2023-09-18 04:00:00,MSFT,329.060000
2023-09-18 04:00:00,NVDA,43.970000
2023-09-18 04:00:00,TSLA,265.280000
2023-09-19 04:00:00,AAPL,179.070000
2023-09-19 04:00:00,MSFT,328.650000
2023-09-19 04:00:00,NVDA,43.520000
2023-09-19 04:00:00,TSLA,266.500000
2023-09-20 04:00:00,AAPL,175.490000
2023-09-20 04:00:00,MSFT,320.770000
2023-09-20 04:00:00,NVDA,42.240000
2023-09-20 04:00:00,TSLA,262.590000
2023-09-21 04:00:00,AAPL,173.930000
2023-09-21 04:00:00,MSFT,319.530000
2023-09-21 04:00:00,NVDA,41.020000
2023-09-21 04:00:00,TSLA,255.700000
2023-09-22 04:00:00,AAPL,174.790000
2023-09-22 04:00:00,MSFT,317.010000
2023-09-22 04:00:00,NVDA,41.610000
2023-09-22 04:00:00,TSLA,244.880000
2023-09-25 04:00:00,AAPL,176.080000
2023-09-25 04:00:00,MSFT,317.540000
2023-09-25 04:00:00,NVDA,42.220000
2023-09-25 04:00:00,TSLA,246.990000
2023-09-26 04:00:00,AAPL,171.960000
2023-09-26 04:00:00,MSFT,312.140000
2023-09-26 04:00:00,NVDA,41.910000
2023-09-26 04:00:00,TSLA,244.120000
2023-09-27 04:00:00,AAPL,170.430000
2023-09-27 04:00:00,MSFT,312.790000
2023-09-27 04:00:00,NVDA,42.470000
2023-09-27 04:00:00,TSLA,240.500000
2023-09-28 04:00:00,AAPL,170.690000
2023-09-28 04:00:00,MSFT,313.640000
2023-09-28 04:00:00,NVDA,43.090000
2023-09-28 04:00:00,TSLA,246.380000
2023-09-29 04:00:00,AAPL,171.210000
2023-09-29 04:00:00,MSFT,315.750000
2023-09-29 04:00:00,NVDA,43.500000
2023-09-29 04:00:00,TSLA,250.220000
2023-10-02 04:00:00,AAPL,173.750000
2023-10-02 04:00:00,MSFT,321.800000
2023-10-02 04:00:00,NVDA,44.780000
2023-10-02 04:00:00,TSLA,251.600000
2023-10-03 04:00:00,AAPL,172.400000
2023-10-03 04:00:00,MSFT,313.390000
2023-10-03 04:00:00,NVDA,43.520000
2023-10-03 04:00:00,TSLA,246.530000
2023-10-04 04:00:00,AAPL,173.660000
2023-10-04 04:00:00,MSFT,318.950000
2023-10-04 04:00:00,NVDA,44.040000
2023-10-04 04:00:00,TSLA,261.160000
2023-10-05 04:00:00,AAPL,174.910000
2023-10-05 04:00:00,MSFT,319.360000
2023-10-05 04:00:00,NVDA,44.690000
2023-10-05 04:00:00,TSLA,260.050000
2023-10-06 04:00:00,AAPL,177.490000
2023-10-06 04:00:00,MSFT,327.260000
2023-10-06 04:00:00,NVDA,45.760000
2023-10-06 04:00:00,TSLA,260.530000
2023-10-09 04:00:00,AAPL,178.990000
2023-10-09 04:00:00,MSFT,329.820000
2023-10-09 04:00:00,NVDA,45.270000
2023-10-09 04:00:00,TSLA,259.670000
2023-10-10 04:00:00,AAPL,178.390000
2023-10-10 04:00:00,MSFT,328.390000
2023-10-10 04:00:00,NVDA,45.800000
2023-10-10 04:00:00,TSLA,263.620000
2023-10-11 04:00:00,AAPL,179.800000
2023-10-11 04:00:00,MSFT,332.420000
2023-10-11 04:00:00,NVDA,46.810000
2023-10-11 04:00:00,TSLA,262.990000
2023-10-12 04:00:00,AAPL,180.710000
2023-10-12 04:00:00,MSFT,331.160000
2023-10-12 04:00:00,NVDA,46.950000
2023-10-12 04:00:00,TSLA,258.870000
2023-10-13 04:00:00,AAPL,178.850000
2023-10-13 04:00:00,MSFT,327.730000
2023-10-13 04:00:00,NVDA,45.460000
2023-10-13 04:00:00,TSLA,251.120000
2023-10-16 04:00:00,AAPL,178.720000
2023-10-16 04:00:00,MSFT,332.640000
2023-10-16 04:00:00,NVDA,46.090000
2023-10-16 04:00:00,TSLA,253.920000
2023-10-17 04:00:00,AAPL,177.150000
2023-10-17 04:00:00,MSFT,332.060000
2023-10-17 04:00:00,NVDA,43.940000
2023-10-17 04:00:00,TSLA,254.850000
2023-10-18 04:00:00,AAPL,175.840000
2023-10-18 04:00:00,MSFT,330.110000
2023-10-18 04:00:00,NVDA,42.200000
2023-10-18 04:00:00,TSLA,242.680000
2023-10-19 04:00:00,AAPL,175.460000
2023-10-19 04:00:00,MSFT,331.320000
2023-10-19 04:00:00,NVDA,42.100000
2023-10-19 04:00:00,TSLA,220.110000
2023-10-20 04:00:00,AAPL,172.880000
2023-10-20 04:00:00,MSFT,326.670000
2023-10-20 04:00:00,NVDA,41.390000
2023-10-20 04:00:00,TSLA,211.990000
2023-10-23 04:00:00,AAPL,173.000000
2023-10-23 04:00:00,MSFT,329.320000
2023-10-23 04:00:00,NVDA,42.980000
2023-10-23 04:00:00,TSLA,212.080000
2023-10-24 04:00:00,AAPL,173.440000
2023-10-24 04:00:00,MSFT,330.530000
2023-10-24 04:00:00,NVDA,43.660000
2023-10-24 04:00:00,TSLA,216.520000
2023-10-25 04:00:00,AAPL,171.100000
2023-10-25 04:00:00,MSFT,340.670000
2023-10-25 04:00:00,NVDA,41.780000
2023-10-25 04:00:00,TSLA,212.420000
2023-10-26 04:00:00,AAPL,166.890000
2023-10-26 04:00:00,MSFT,327.890000
2023-10-26 04:00:00,NVDA,40.330000
2023-10-26 04:00:00,TSLA,205.760000
2023-10-27 04:00:00,AAPL,168.220000
2023-10-27 04:00:00,MSFT,329.810000
2023-10-27 04:00:00,NVDA,40.500000
2023-10-27 04:00:00,TSLA,207.300000
2023-10-30 04:00:00,AAPL,170.290000
2023-10-30 04:00:00,MSFT,337.310000
2023-10-30 04:00:00,NVDA,41.160000
2023-10-30 04:00:00,TSLA,197.360000
2023-10-31 04:00:00,AAPL,170.770000
2023-10-31 04:00:00,MSFT,338.110000
2023-10-31 04:00:00,NVDA,40.780000
2023-10-31 04:00:00,TSLA,200.840000
2023-11-01 04:00:00,AAPL,173.970000
2023-11-01 04:00:00,MSFT,346.070000
2023-11-01 04:00:00,NVDA,42.330000
2023-11-01 04:00:00,TSLA,205.660000
2023-11-02 04:00:00,AAPL,177.570000
2023-11-02 04:00:00,MSFT,348.320000
2023-11-02 04:00:00,NVDA,43.510000
2023-11-02 04:00:00,TSLA,218.510000
2023-11-03 04:00:00,AAPL,176.650000
2023-11-03 04:00:00,MSFT,352.800000
2023-11-03 04:00:00,NVDA,45.010000
2023-11-03 04:00:00,TSLA,219.960000
2023-11-06 05:00:00,AAPL,179.230000
2023-11-06 05:00:00,MSFT,356.530000
2023-11-06 05:00:00,NVDA,45.750000
2023-11-06 05:00:00,TSLA,219.270000
2023-11-07 05:00:00,AAPL,181.820000
2023-11-07 05:00:00,MSFT,360.530000
2023-11-07 05:00:00,NVDA,45.950000
2023-11-07 05:00:00,TSLA,222.180000
2023-11-08 05:00:00,AAPL,182.890000
2023-11-08 05:00:00,MSFT,363.200000
2023-11-08 05:00:00,NVDA,46.570000
2023-11-08 05:00:00,TSLA,222.110000
2023-11-09 05:00:00,AAPL,182.410000
2023-11-09 05:00:00,MSFT,360.690000
2023-11-09 05:00:00,NVDA,46.950000
2023-11-09 05:00:00,TSLA,209.980000
2023-11-10 05:00:00,AAPL,186.400000
2023-11-10 05:00:00,MSFT,369.670000
2023-11-10 05:00:00,NVDA,48.340000
2023-11-10 05:00:00,TSLA,214.650000
2023-11-13 05:00:00,AAPL,184.800000
2023-11-13 05:00:00,MSFT,366.680000
2023-11-13 05:00:00,NVDA,48.620000
2023-11-13 05:00:00,TSLA,223.710000
2023-11-14 05:00:00,AAPL,187.440000
2023-11-14 05:00:00,MSFT,370.270000
2023-11-14 05:00:00,NVDA,49.660000
2023-11-14 05:00:00,TSLA,237.410000
2023-11-15 05:00:00,AAPL,188.010000
2023-11-15 05:00:00,MSFT,369.670000
2023-11-15 05:00:00,NVDA,48.890000
2023-11-15 05:00:00,TSLA,242.840000
2023-11-16 05:00:00,AAPL,189.710000
2023-11-16 05:00:00,MSFT,376.170000
2023-11-16 05:00:00,NVDA,49.480000
2023-11-16 05:00:00,TSLA,233.590000
2023-11-17 05:00:00,AAPL,189.690000
2023-11-17 05:00:00,MSFT,369.850000
2023-11-17 05:00:00,NVDA,49.300000
2023-11-17 05:00:00,TSLA,234.300000
2023-11-20 05:00:00,AAPL,191.450000
2023-11-20 05:00:00,MSFT,377.440000
2023-11-20 05:00:00,NVDA,50.410000
2023-11-20 05:00:00,TSLA,235.600000
2023-11-21 05:00:00,AAPL,190.640000
2023-11-21 05:00:00,MSFT,373.070000
2023-11-21 05:00:00,NVDA,49.940000
2023-11-21 05:00:00,TSLA,241.200000
2023-11-22 05:00:00,AAPL,191.310000
2023-11-22 05:00:00,MSFT,377.850000
2023-11-22 05:00:00,NVDA,48.720000
2023-11-22 05:00:00,TSLA,234.210000
2023-11-24 05:00:00,AAPL,189.970000
2023-11-24 05:00:00,MSFT,377.430000
2023-11-24 05:00:00,NVDA,47.780000
2023-11-24 05:00:00,TSLA,235.450000
2023-11-27 05:00:00,AAPL,189.790000
2023-11-27 05:00:00,MSFT,378.610000
2023-11-27 05:00:00,NVDA,48.240000
2023-11-27 05:00:00,TSLA,236.080000
2023-11-28 05:00:00,AAPL,190.400000
2023-11-28 05:00:00,MSFT,382.700000
2023-11-28 05:00:00,NVDA,47.820000
2023-11-28 05:00:00,TSLA,246.720000
2023-11-29 05:00:00,AAPL,189.370000
2023-11-29 05:00:00,MSFT,378.850000
2023-11-29 05:00:00,NVDA,48.140000
2023-11-29 05:00:00,TSLA,244.140000
2023-11-30 05:00:00,AAPL,189.950000
2023-11-30 05:00:00,MSFT,378.910000
2023-11-30 05:00:00,NVDA,46.770000
2023-11-30 05:00:00,TSLA,240.080000
2023-12-01 05:00:00,AAPL,191.240000
2023-12-01 05:00:00,MSFT,374.510000
2023-12-01 05:00:00,NVDA,46.770000
2023-12-01 05:00:00,TSLA,238.830000
2023-12-04 05:00:00,AAPL,189.430000
2023-12-04 05:00:00,MSFT,369.140000
2023-12-04 05:00:00,NVDA,45.510000
2023-12-04 05:00:00,TSLA,235.580000
2023-12-05 05:00:00,AAPL,193.420000
2023-12-05 05:00:00,MSFT,372.520000
2023-12-05 05:00:00,NVDA,46.570000
2023-12-05 05:00:00,TSLA,238.720000
2023-12-06 05:00:00,AAPL,192.320000
2023-12-06 05:00:00,MSFT,368.800000
2023-12-06 05:00:00,NVDA,45.500000
2023-12-06 05:00:00,TSLA,239.370000
2023-12-07 05:00:00,AAPL,194.270000
2023-12-07 05:00:00,MSFT,370.950000
2023-12-07 05:00:00,NVDA,46.600000
2023-12-07 05:00:00,TSLA,242.640000
2023-12-08 05:00:00,AAPL,195.710000
2023-12-08 05:00:00,MSFT,374.230000
2023-12-08 05:00:00,NVDA,47.510000
2023-12-08 05:00:00,TSLA,243.840000
2023-12-11 05:00:00,AAPL,193.180000
2023-12-11 05:00:00,MSFT,371.300000
2023-12-11 05:00:00,NVDA,46.630000
2023-12-11 05:00:00,TSLA,239.740000
2023-12-12 05:00:00,AAPL,194.710000
2023-12-12 05:00:00,MSFT,374.380000
2023-12-12 05:00:00,NVDA,47.660000
2023-12-12 05:00:00,TSLA,237.010000
2023-12-13 05:00:00,AAPL,197.960000
2023-12-13 05:00:00,MSFT,374.370000
2023-12-13 05:00:00,NVDA,48.090000
2023-12-13 05:00:00,TSLA,239.290000
2023-12-14 05:00:00,AAPL,198.110000
2023-12-14 05:00:00,MSFT,365.930000
2023-12-14 05:00:00,NVDA,48.350000
2023-12-14 05:00:00,TSLA,251.050000
2023-12-15 05:00:00,AAPL,197.570000
2023-12-15 05:00:00,MSFT,370.730000
2023-12-15 05:00:00,NVDA,48.890000
2023-12-15 05:00:00,TSLA,253.500000
2023-12-18 05:00:00,AAPL,195.890000
2023-12-18 05:00:00,MSFT,372.650000
2023-12-18 05:00:00,NVDA,50.080000
2023-12-18 05:00:00,TSLA,252.080000
2023-12-19 05:00:00,AAPL,196.940000
2023-12-19 05:00:00,MSFT,373.260000
2023-12-19 05:00:00,NVDA,49.600000
2023-12-19 05:00:00,TSLA,257.220000
2025-07-01 00:00:00,AAPL,100.000000
2025-07-01 00:00:00,MSFT,100.000000
2025-07-01 00:00:00,NVDA,100.000000
2025-07-01 00:00:00,TSLA,100.000000
2025-07-02 00:00:00,AAPL,101.000000
2025-07-02 00:00:00,MSFT,101.000000
2025-07-02 00:00:00,NVDA,101.000000
2025-07-02 00:00:00,TSLA,101.000000
2025-07-03 00:00:00,AAPL,102.000000
2025-07-03 00:00:00,MSFT,102.000000
2025-07-03 00:00:00,NVDA,102.000000
2025-07-03 00:00:00,TSLA,102.000000
2025-07-04 00:00:00,AAPL,103.000000
2025-07-04 00:00:00,MSFT,103.000000
2025-07-04 00:00:00,NVDA,103.000000
2025-07-04 00:00:00,TSLA,103.000000
2025-07-07 00:00:00,AAPL,104.000000
2025-07-07 00:00:00,MSFT,104.000000
2025-07-07 00:00:00,NVDA,104.000000
2025-07-07 00:00:00,TSLA,104.000000
